분류코드,분류명,도서번호,도서명,정가,저자,발행일,ISBN번호
YJL22,IT자격증,YJL22111,2024 이기적 컴퓨터활용능력 2급 필기 기출문제집,13000,영진정보연구소 저,2024-01-24,9.78893E+12
YJL22,IT자격증,YJL22112,2024 이기적 컴퓨터활용능력 2급 실기 기출문제집,17000,영진정보연구소 저,2023-10-25,9.78893E+12
YJL22,IT자격증,YJL22113,2024 이기적 사무자동화산업기사 필기+실기 환상의 콤비,32000,"신면철, 영진정보연구소 저",2024-01-02,9.78893E+12
YJL22,IT자격증,YJL22114,2024 이기적 정보처리기사 실기 핵심 600제+프로그래밍 언어,29000,이성행 저,2024-01-05,9.78893E+12
YJL22,IT자격증,YJL22115,2024 이기적 ADsP 데이터분석 준전문가 기본서,26000,박길식 저,2024-01-18,9.78893E+12
YJL22,IT자격증,YJL22116,2024 이기적 빅데이터분석기사 실기 (Python 분석),25000,나홍석 외 저,2023-11-13,9.78893E+12
YJL33,실용자격증,YJL33117,2024 이기적 전산회계운용사 2급 필기 기본서,18000,정창화 저,2023-12-13,9.78893E+12
YJL33,실용자격증,YJL33118,이기적 바리스타 1급 필기 기본서,17000,임형준 저,2023-11-27,9.78893E+12
YJL33,실용자격증,YJL33119,이기적 한국사능력검정시험 심화 벼락치기 기출문제,12000,"오윤슬, 박또니 저",2023-03-20,9.78893E+12
YJM55,IT모바일,YJM55120,마인크래프트 탐험 핸드북,12000,Mojang Studio 저/이주안 역,2024-01-15,9.78893E+12
YJM55,IT모바일,YJM55121,사진가를 위한 캡쳐원 가이드북,30000,"박무웅, 홍명희 저",2023-12-22,9.78893E+12
YJM55,IT모바일,YJM55122,블렌더로 만드는 3D 환경 디자인,25000,Abdelilah Hamdani 저/최도원 역,2023-12-15,9.78893E+12
YJM55,IT모바일,YJM55123,그림으로 배우는 AI,17000,미츠무라 나오키 저/양성건 역,2023-10-20,9.78893E+12
YJM55,IT모바일,YJM55124,생성 AI를 활용한 나만의 콘텐츠 만들기,23000,김민후 저,2023-09-25,9.78893E+12
YJM55,IT모바일,YJM55125,챗GPT 질문의 기술,20000,이선종 저,2023-06-02,"	9788931468571"
YJM55,IT모바일,YJM55126,코딩은 처음이라 with 파이썬,20000,남규진,2023-04-05,"	9788931467994"
YJM55,IT모바일,YJM55127,백엔드를 위한 Go 프로그래밍,22000,"탠메이 박시, 바히어 카말 저/우승헌 역",2022-08-16,"	9788931466942"
YJM55,IT모바일,YJM55128,오피스 초보 직장인을 위한 엑셀&파워포인트&워드&윈도우 11,22000,"장경호, 권순만 공저",2023-01-08,9.78893E+12
YJS77,자기계발,YJS77129,지금이 생의 마지막이라면,16000,기시미 이치로 저/전경아 역,2023-11-17,9.78893E+12
YJS77,자기계발,YJS77130,Visual Thinking으로 가는 생각 정리 기술,15000,온은주 저,2014-10-30,
YJE66,경제경영,YJE66131,Super App! 디지털 시대의 넥스트 레볼루션,19000,정우진 저,2023-07-28,9.78893E+12
YJE66,경제경영,YJE66132,구독 서비스 : 똑똑한 판매자 현명한 소비자,16000,,2022-05-20,9.78893E+12
YJE66,경제경영,YJE66133,AIⅹ빅데이터 마케팅: 마케터의 업무가 변한다,13000,야마모토 사토루 저,2019-07-18,
YJH33,건강취미,YJH33134,엄마는 괜찮을 줄 알았어,16000,지민아 저,2024-01-24,9.78893E+12
YJH33,건강취미,YJH33135,사막여우 소금이의 신비한 여행 컬러링북,16800,소금이 그림,2024-01-05,9.78893E+12
YJH33,건강취미,YJH33136,고양이는 왜 밥을 먹지 않을까,17000,이와자키 에이지 저/김가현 역,2023-12-19,9.78893E+12
YJH33,건강취미,YJH33137,아홉수 우리들 컬러링북,15000,수박양 글그림,2023-08-05,9.78893E+12
YJC11,어린이,YJC11138,마인크래프트 바다의 모험 스티커 북,8000,mojang AB 저,2019-03-15,
YJC11,어린이,YJC11139,로블록스 얼티밋 아바타 스티커 북,9800,ROBLOX 저,2019-08-01,
YJC11,어린이,YJC11140,우리가 몰랐던 생물들의 마지막 이야기,15000,시모마 아야에 그림,2023-04-05,9.78893E+12
